Navn;Stasjon;Tid(norsk normaltid);Regional middeltemperatur, beregnet med normalperiode 1961-1990 (mnd);Regional middeltemperatur, beregnet med normalperiode 1991-2020 (mnd)
Region Norge;GR0;12.1899;-7,67;-
Region Norge;GR0;01.1900;-7,17;-
Region Norge;GR0;02.1900;-13,23;-
Region Norge;GR0;03.1900;-5,6;-
Region Norge;GR0;04.1900;-2,23;-
Region Norge;GR0;05.1900;1,73;-
Region Norge;GR0;06.1900;8,62;-
Region Norge;GR0;07.1900;8,37;-
Region Norge;GR0;08.1900;9,38;-
Region Norge;GR0;09.1900;5,08;-
Region Norge;GR0;10.1900;0,72;-
Region Norge;GR0;11.1900;-2,26;-
Region Norge;GR0;12.1900;-6,16;-
Region Norge;GR0;01.1901;-5,74;-6,94
Region Norge;GR0;02.1901;-10,08;-10,94
Region Norge;GR0;03.1901;-5,66;-6,39
Region Norge;GR0;04.1901;0,1;-0,32
Region Norge;GR0;05.1901;4,2;4,56
Region Norge;GR0;06.1901;8,63;9,63
Region Norge;GR0;07.1901;13,76;14,77
Region Norge;GR0;08.1901;10,89;10,97
Region Norge;GR0;09.1901;7,99;7,92
Region Norge;GR0;10.1901;4,61;4,28
Region Norge;GR0;11.1901;-4,86;-5,45
Region Norge;GR0;12.1901;-8,25;-9,18
Region Norge;GR0;01.1902;-5,59;-6,76
Region Norge;GR0;02.1902;-8,57;-9,43
Region Norge;GR0;03.1902;-6,58;-7,31
Region Norge;GR0;04.1902;-1,84;-2,2
Region Norge;GR0;05.1902;1,84;2,18
Region Norge;GR0;06.1902;6,66;7,67
Region Norge;GR0;07.1902;7,56;8,54
Region Norge;GR0;08.1902;8,27;8,34
Region Norge;GR0;09.1902;4,41;4,35
Region Norge;GR0;10.1902;-0,59;-0,92
Region Norge;GR0;11.1902;-3,26;-3,86
Region Norge;GR0;12.1902;-5,95;-6,88
Region Norge;GR0;01.1903;-7,02;-8,2
Region Norge;GR0;02.1903;-3,39;-4,23
Region Norge;GR0;03.1903;-1,52;-2,24
Region Norge;GR0;04.1903;-1,51;-1,87
Region Norge;GR0;05.1903;3,4;3,75
Region Norge;GR0;06.1903;6,89;7,9
Region Norge;GR0;07.1903;8,99;9,98
Region Norge;GR0;08.1903;9,22;9,29
Region Norge;GR0;09.1903;6,34;6,29
Region Norge;GR0;10.1903;-1,19;-1,52
Region Norge;GR0;11.1903;-3,13;-3,73
Region Norge;GR0;12.1903;-4,43;-5,36
Region Norge;GR0;01.1904;-3,69;-4,87
Region Norge;GR0;02.1904;-10,44;-11,3
Region Norge;GR0;03.1904;-5,28;-6,02
Region Norge;GR0;04.1904;0,17;-0,19
Region Norge;GR0;05.1904;2,32;2,67
Region Norge;GR0;06.1904;7,17;8,17
Region Norge;GR0;07.1904;9,59;10,59
Region Norge;GR0;08.1904;9,44;9,52
Region Norge;GR0;09.1904;6,41;6,35
Region Norge;GR0;10.1904;2,25;1,91
Region Norge;GR0;11.1904;-5,75;-6,35
Region Norge;GR0;12.1904;-6,92;-7,84
Region Norge;GR0;01.1905;-6,63;-7,81
Region Norge;GR0;02.1905;-5,65;-6,5
Region Norge;GR0;03.1905;-3,57;-4,29
Region Norge;GR0;04.1905;-2,42;-2,78
Region Norge;GR0;05.1905;3,49;3,85
Region Norge;GR0;06.1905;8,99;10
Region Norge;GR0;07.1905;10,67;11,66
Region Norge;GR0;08.1905;9,63;9,69
Region Norge;GR0;09.1905;5,7;5,64
Region Norge;GR0;10.1905;-1,99;-2,33
Region Norge;GR0;11.1905;-4,1;-4,69
Region Norge;GR0;12.1905;-2,58;-3,5
Region Norge;GR0;01.1906;-5,26;-6,43
Region Norge;GR0;02.1906;-6,07;-6,91
Region Norge;GR0;03.1906;-6,15;-6,87
Region Norge;GR0;04.1906;-0,24;-0,6
Region Norge;GR0;05.1906;3,66;4,01
Region Norge;GR0;06.1906;8,19;9,21
Region Norge;GR0;07.1906;10,15;11,14
Region Norge;GR0;08.1906;9,1;9,18
Region Norge;GR0;09.1906;6,43;6,38
Region Norge;GR0;10.1906;2,08;1,75
Region Norge;GR0;11.1906;-1,34;-1,92
Region Norge;GR0;12.1906;-6,01;-6,93
Region Norge;GR0;01.1907;-6,97;-8,15
Region Norge;GR0;02.1907;-5,54;-6,39
Region Norge;GR0;03.1907;-2,94;-3,67
Region Norge;GR0;04.1907;-0,06;-0,41
Region Norge;GR0;05.1907;2,23;2,58
Region Norge;GR0;06.1907;8,02;9,01
Region Norge;GR0;07.1907;9,13;10,12
Region Norge;GR0;08.1907;7,76;7,83
Region Norge;GR0;09.1907;4,99;4,94
Region Norge;GR0;10.1907;4,34;4,02
Region Norge;GR0;11.1907;-1,04;-1,62
Region Norge;GR0;12.1907;-7,1;-8,02
Region Norge;GR0;01.1908;-5,2;-6,38
Region Norge;GR0;02.1908;-5,38;-6,21
Region Norge;GR0;03.1908;-5,7;-6,45
Region Norge;GR0;04.1908;-0,97;-1,32
Region Norge;GR0;05.1908;2,59;2,94
Region Norge;GR0;06.1908;7,09;8,1
Region Norge;GR0;07.1908;10,38;11,37
Region Norge;GR0;08.1908;10,19;10,27
Region Norge;GR0;09.1908;5,83;5,77
Region Norge;GR0;10.1908;3,09;2,76
Region Norge;GR0;11.1908;-4,89;-5,49
Region Norge;GR0;12.1908;-4,12;-5,04
Region Norge;GR0;01.1909;-3,92;-5,09
Region Norge;GR0;02.1909;-7,27;-8,14
Region Norge;GR0;03.1909;-7,48;-8,22
Region Norge;GR0;04.1909;-2,34;-2,7
Region Norge;GR0;05.1909;1,16;1,51
Region Norge;GR0;06.1909;6,98;7,99
Region Norge;GR0;07.1909;9,61;10,6
Region Norge;GR0;08.1909;9,3;9,37
Region Norge;GR0;09.1909;5,93;5,87
Region Norge;GR0;10.1909;3;2,68
Region Norge;GR0;11.1909;-5,58;-6,18
Region Norge;GR0;12.1909;-6,64;-7,57
Region Norge;GR0;01.1910;-7,02;-8,2
Region Norge;GR0;02.1910;-3,13;-3,97
Region Norge;GR0;03.1910;-2,61;-3,33
Region Norge;GR0;04.1910;-0,47;-0,82
Region Norge;GR0;05.1910;4,7;5,05
Region Norge;GR0;06.1910;8,08;9,08
Region Norge;GR0;07.1910;10,02;11,01
Region Norge;GR0;08.1910;10,28;10,36
Region Norge;GR0;09.1910;6,25;6,2
Region Norge;GR0;10.1910;1,28;0,95
Region Norge;GR0;11.1910;-4,7;-5,29
Region Norge;GR0;12.1910;-4,7;-5,63
Region Norge;GR0;01.1911;-5,17;-6,35
Region Norge;GR0;02.1911;-5,42;-6,26
Region Norge;GR0;03.1911;-4,3;-5,02
Region Norge;GR0;04.1911;-1,04;-1,38
Region Norge;GR0;05.1911;5,43;5,78
Region Norge;GR0;06.1911;7,22;8,22
Region Norge;GR0;07.1911;10,14;11,13
Region Norge;GR0;08.1911;11,02;11,1
Region Norge;GR0;09.1911;6,77;6,72
Region Norge;GR0;10.1911;-0,63;-0,96
Region Norge;GR0;11.1911;-3,7;-4,3
Region Norge;GR0;12.1911;-2,45;-3,36
Region Norge;GR0;01.1912;-9,25;-10,44
Region Norge;GR0;02.1912;-8,56;-9,4
Region Norge;GR0;03.1912;-2,85;-3,57
Region Norge;GR0;04.1912;-1,85;-2,2
Region Norge;GR0;05.1912;3,2;3,55
Region Norge;GR0;06.1912;8,55;9,55
Region Norge;GR0;07.1912;11,54;12,54
Region Norge;GR0;08.1912;10,27;10,34
Region Norge;GR0;09.1912;4,91;4,85
Region Norge;GR0;10.1912;0,39;0,06
Region Norge;GR0;11.1912;-3,32;-3,91
Region Norge;GR0;12.1912;-4;-4,91
Region Norge;GR0;01.1913;-7,98;-9,18
Region Norge;GR0;02.1913;-4,61;-5,45
Region Norge;GR0;03.1913;-3,51;-4,24
Region Norge;GR0;04.1913;0,14;-0,22
Region Norge;GR0;05.1913;4,28;4,63
Region Norge;GR0;06.1913;7,4;8,41
Region Norge;GR0;07.1913;11,16;12,15
Region Norge;GR0;08.1913;10,13;10,2
Region Norge;GR0;09.1913;6,55;6,49
Region Norge;GR0;10.1913;1,17;0,84
Region Norge;GR0;11.1913;-0,28;-0,86
Region Norge;GR0;12.1913;-6,41;-7,34
Region Norge;GR0;01.1914;-7,07;-8,26
Region Norge;GR0;02.1914;-3,3;-4,14
Region Norge;GR0;03.1914;-4,92;-5,65
Region Norge;GR0;04.1914;0,55;0,21
Region Norge;GR0;05.1914;2,66;3,01
Region Norge;GR0;06.1914;8,28;9,29
Region Norge;GR0;07.1914;13,32;14,32
Region Norge;GR0;08.1914;10,81;10,89
Region Norge;GR0;09.1914;6,42;6,36
Region Norge;GR0;10.1914;1,46;1,12
Region Norge;GR0;11.1914;-3,1;-3,7
Region Norge;GR0;12.1914;-3,85;-4,77
Region Norge;GR0;01.1915;-8,05;-9,23
Region Norge;GR0;02.1915;-6,67;-7,52
Region Norge;GR0;03.1915;-7,23;-7,96
Region Norge;GR0;04.1915;-0,93;-1,28
Region Norge;GR0;05.1915;1,5;1,85
Region Norge;GR0;06.1915;5,7;6,7
Region Norge;GR0;07.1915;10,58;11,56
Region Norge;GR0;08.1915;10,08;10,15
Region Norge;GR0;09.1915;4,67;4,62
Region Norge;GR0;10.1915;-0,2;-0,54
Region Norge;GR0;11.1915;-5,61;-6,2
Region Norge;GR0;12.1915;-12,39;-13,33
Region Norge;GR0;01.1916;-5,02;-6,19
Region Norge;GR0;02.1916;-6,27;-7,13
Region Norge;GR0;03.1916;-7,02;-7,76
Region Norge;GR0;04.1916;-0,51;-0,86
Region Norge;GR0;05.1916;3,07;3,42
Region Norge;GR0;06.1916;7,33;8,32
Region Norge;GR0;07.1916;12;12,98
Region Norge;GR0;08.1916;9,55;9,62
Region Norge;GR0;09.1916;4,9;4,84
Region Norge;GR0;10.1916;-0,56;-0,89
Region Norge;GR0;11.1916;-0,77;-1,35
Region Norge;GR0;12.1916;-5,39;-6,3
Region Norge;GR0;01.1917;-11,53;-12,74
Region Norge;GR0;02.1917;-8,42;-9,28
Region Norge;GR0;03.1917;-8,13;-8,87
Region Norge;GR0;04.1917;-3,69;-4,05
Region Norge;GR0;05.1917;1,87;2,23
Region Norge;GR0;06.1917;8,88;9,89
Region Norge;GR0;07.1917;9,32;10,31
Region Norge;GR0;08.1917;12,42;12,5
Region Norge;GR0;09.1917;6,07;6,02
Region Norge;GR0;10.1917;1,17;0,85
Region Norge;GR0;11.1917;-3,04;-3,63
Region Norge;GR0;12.1917;-6,99;-7,92
Region Norge;GR0;01.1918;-10,01;-11,19
Region Norge;GR0;02.1918;-6,07;-6,92
Region Norge;GR0;03.1918;-3,74;-4,47
Region Norge;GR0;04.1918;0,3;-0,06
Region Norge;GR0;05.1918;4,3;4,66
Region Norge;GR0;06.1918;6,91;7,91
Region Norge;GR0;07.1918;11,35;12,33
Region Norge;GR0;08.1918;9,69;9,76
Region Norge;GR0;09.1918;4,85;4,79
Region Norge;GR0;10.1918;2,7;2,37
Region Norge;GR0;11.1918;-0,39;-0,97
Region Norge;GR0;12.1918;-6,03;-6,96
Region Norge;GR0;01.1919;-5,34;-6,51
Region Norge;GR0;02.1919;-9,35;-10,21
Region Norge;GR0;03.1919;-6,11;-6,84
Region Norge;GR0;04.1919;-2,08;-2,43
Region Norge;GR0;05.1919;5,8;6,16
Region Norge;GR0;06.1919;8,17;9,16
Region Norge;GR0;07.1919;11,41;12,41
Region Norge;GR0;08.1919;8,22;8,3
Region Norge;GR0;09.1919;5,93;5,87
Region Norge;GR0;10.1919;-0,04;-0,37
Region Norge;GR0;11.1919;-6,94;-7,55
Region Norge;GR0;12.1919;-8,76;-9,69
Region Norge;GR0;01.1920;-6,46;-7,63
Region Norge;GR0;02.1920;-3,7;-4,53
Region Norge;GR0;03.1920;-0,86;-1,58
Region Norge;GR0;04.1920;0,35;0
Region Norge;GR0;05.1920;4,97;5,32
Region Norge;GR0;06.1920;7,91;8,91
Region Norge;GR0;07.1920;10,34;11,32
Region Norge;GR0;08.1920;9,35;9,42
Region Norge;GR0;09.1920;6,88;6,82
Region Norge;GR0;10.1920;1,22;0,88
Region Norge;GR0;11.1920;-1,33;-1,92
Region Norge;GR0;12.1920;-4,86;-5,79
Region Norge;GR0;01.1921;-6,32;-7,49
Region Norge;GR0;02.1921;-5,35;-6,21
Region Norge;GR0;03.1921;-1,89;-2,6
Region Norge;GR0;04.1921;1,96;1,61
Region Norge;GR0;05.1921;4,34;4,69
Region Norge;GR0;06.1921;6,41;7,42
Region Norge;GR0;07.1921;9,32;10,31
Region Norge;GR0;08.1921;9,38;9,45
Region Norge;GR0;09.1921;5,31;5,25
Region Norge;GR0;10.1921;1,23;0,9
Region Norge;GR0;11.1921;-4,97;-5,57
Region Norge;GR0;12.1921;-4,21;-5,12
Region Norge;GR0;01.1922;-8,77;-9,97
Region Norge;GR0;02.1922;-7,7;-8,57
Region Norge;GR0;03.1922;-5,44;-6,17
Region Norge;GR0;04.1922;-1,89;-2,26
Region Norge;GR0;05.1922;3,45;3,79
Region Norge;GR0;06.1922;7,65;8,65
Region Norge;GR0;07.1922;10,89;11,87
Region Norge;GR0;08.1922;9,57;9,63
Region Norge;GR0;09.1922;5,87;5,81
Region Norge;GR0;10.1922;0,17;-0,17
Region Norge;GR0;11.1922;-2,75;-3,34
Region Norge;GR0;12.1922;-4,51;-5,43
Region Norge;GR0;01.1923;-3,7;-4,86
Region Norge;GR0;02.1923;-8,58;-9,45
Region Norge;GR0;03.1923;-2,78;-3,51
Region Norge;GR0;04.1923;-1,87;-2,23
Region Norge;GR0;05.1923;1,99;2,33
Region Norge;GR0;06.1923;4,15;5,15
Region Norge;GR0;07.1923;10,49;11,48
Region Norge;GR0;08.1923;8,75;8,82
Region Norge;GR0;09.1923;5,76;5,7
Region Norge;GR0;10.1923;1,55;1,21
Region Norge;GR0;11.1923;-4,74;-5,34
Region Norge;GR0;12.1923;-7,53;-8,47
Region Norge;GR0;01.1924;-5,7;-6,89
Region Norge;GR0;02.1924;-8,88;-9,74
Region Norge;GR0;03.1924;-7,76;-8,5
Region Norge;GR0;04.1924;-2,5;-2,86
Region Norge;GR0;05.1924;2,57;2,92
Region Norge;GR0;06.1924;6,3;7,3
Region Norge;GR0;07.1924;10,96;11,94
Region Norge;GR0;08.1924;11,1;11,17
Region Norge;GR0;09.1924;7,1;7,04
Region Norge;GR0;10.1924;3,38;3,05
Region Norge;GR0;11.1924;-1,33;-1,92
Region Norge;GR0;12.1924;-0,99;-1,9
Region Norge;GR0;01.1925;-2,2;-3,36
Region Norge;GR0;02.1925;-4,75;-5,6
Region Norge;GR0;03.1925;-7,12;-7,86
Region Norge;GR0;04.1925;-0,07;-0,42
Region Norge;GR0;05.1925;3,97;4,32
Region Norge;GR0;06.1925;7,89;8,89
Region Norge;GR0;07.1925;13,45;14,45
Region Norge;GR0;08.1925;10,93;11
Region Norge;GR0;09.1925;6,3;6,24
Region Norge;GR0;10.1925;-0,61;-0,95
Region Norge;GR0;11.1925;-6,1;-6,71
Region Norge;GR0;12.1925;-8,93;-9,87
Region Norge;GR0;01.1926;-6,67;-7,86
Region Norge;GR0;02.1926;-7,41;-8,28
Region Norge;GR0;03.1926;-3,62;-4,34
Region Norge;GR0;04.1926;0,29;-0,06
Region Norge;GR0;05.1926;2,97;3,32
Region Norge;GR0;06.1926;8,12;9,12
Region Norge;GR0;07.1926;10,92;11,91
Region Norge;GR0;08.1926;10,45;10,53
Region Norge;GR0;09.1926;6,07;6,02
Region Norge;GR0;10.1926;-2,35;-2,69
Region Norge;GR0;11.1926;-1,77;-2,35
Region Norge;GR0;12.1926;-6,42;-7,35
Region Norge;GR0;01.1927;-5,49;-6,65
Region Norge;GR0;02.1927;-5,5;-6,36
Region Norge;GR0;03.1927;-3,08;-3,81
Region Norge;GR0;04.1927;-2,24;-2,59
Region Norge;GR0;05.1927;1,1;1,45
Region Norge;GR0;06.1927;5,92;6,91
Region Norge;GR0;07.1927;13,03;14,02
Region Norge;GR0;08.1927;11,56;11,64
Region Norge;GR0;09.1927;5,74;5,68
Region Norge;GR0;10.1927;-0,01;-0,35
Region Norge;GR0;11.1927;-5,73;-6,35
Region Norge;GR0;12.1927;-8,92;-9,87
Region Norge;GR0;01.1928;-5,79;-6,97
Region Norge;GR0;02.1928;-5,62;-6,48
Region Norge;GR0;03.1928;-4,28;-5,02
Region Norge;GR0;04.1928;-0,11;-0,47
Region Norge;GR0;05.1928;3,04;3,39
Region Norge;GR0;06.1928;5,76;6,75
Region Norge;GR0;07.1928;7,94;8,91
Region Norge;GR0;08.1928;9,47;9,54
Region Norge;GR0;09.1928;5,53;5,47
Region Norge;GR0;10.1928;0,86;0,53
Region Norge;GR0;11.1928;-3,08;-3,67
Region Norge;GR0;12.1928;-5,65;-6,59
Region Norge;GR0;01.1929;-8,31;-9,5
Region Norge;GR0;02.1929;-9,95;-10,84
Region Norge;GR0;03.1929;-2,34;-3,05
Region Norge;GR0;04.1929;-3,47;-3,83
Region Norge;GR0;05.1929;3,89;4,23
Region Norge;GR0;06.1929;6,48;7,48
Region Norge;GR0;07.1929;8,94;9,93
Region Norge;GR0;08.1929;8,66;8,73
Region Norge;GR0;09.1929;6,55;6,5
Region Norge;GR0;10.1929;1,59;1,26
Region Norge;GR0;11.1929;-0,99;-1,58
Region Norge;GR0;12.1929;-0,92;-1,83
Region Norge;GR0;01.1930;-2,41;-3,58
Region Norge;GR0;02.1930;-5,26;-6,12
Region Norge;GR0;03.1930;-4,5;-5,22
Region Norge;GR0;04.1930;1,2;0,84
Region Norge;GR0;05.1930;4,86;5,21
Region Norge;GR0;06.1930;8,93;9,93
Region Norge;GR0;07.1930;12,14;13,12
Region Norge;GR0;08.1930;11,94;12,01
Region Norge;GR0;09.1930;5,58;5,52
Region Norge;GR0;10.1930;2,21;1,88
Region Norge;GR0;11.1930;-2,75;-3,33
Region Norge;GR0;12.1930;-2,94;-3,85
Region Norge;GR0;01.1931;-7,56;-8,75
Region Norge;GR0;02.1931;-7,29;-8,16
Region Norge;GR0;03.1931;-7,04;-7,79
Region Norge;GR0;04.1931;-1,49;-1,85
Region Norge;GR0;05.1931;4,2;4,55
Region Norge;GR0;06.1931;5,12;6,12
Region Norge;GR0;07.1931;11,31;12,3
Region Norge;GR0;08.1931;9,27;9,34
Region Norge;GR0;09.1931;4,1;4,04
Region Norge;GR0;10.1931;0,61;0,27
Region Norge;GR0;11.1931;0,29;-0,29
Region Norge;GR0;12.1931;-4,33;-5,26
Region Norge;GR0;01.1932;-2,27;-3,43
Region Norge;GR0;02.1932;-3,34;-4,18
Region Norge;GR0;03.1932;-5,47;-6,2
Region Norge;GR0;04.1932;-1,19;-1,54
Region Norge;GR0;05.1932;3,31;3,66
Region Norge;GR0;06.1932;6,84;7,84
Region Norge;GR0;07.1932;10,95;11,94
Region Norge;GR0;08.1932;10,22;10,3
Region Norge;GR0;09.1932;5,11;5,06
Region Norge;GR0;10.1932;-0,42;-0,75
Region Norge;GR0;11.1932;-2,33;-2,92
Region Norge;GR0;12.1932;-1,49;-2,4
Region Norge;GR0;01.1933;-3,44;-4,61
Region Norge;GR0;02.1933;-7,66;-8,52
Region Norge;GR0;03.1933;-4,14;-4,86
Region Norge;GR0;04.1933;-1,57;-1,92
Region Norge;GR0;05.1933;3,77;4,12
Region Norge;GR0;06.1933;10,88;11,89
Region Norge;GR0;07.1933;11,76;12,75
Region Norge;GR0;08.1933;10,44;10,51
Region Norge;GR0;09.1933;7,51;7,45
Region Norge;GR0;10.1933;1,82;1,48
Region Norge;GR0;11.1933;-3,9;-4,5
Region Norge;GR0;12.1933;-4,6;-5,53
Region Norge;GR0;01.1934;-1,9;-3,07
Region Norge;GR0;02.1934;-3,84;-4,68
Region Norge;GR0;03.1934;-3,65;-4,38
Region Norge;GR0;04.1934;-1,09;-1,45
Region Norge;GR0;05.1934;4,25;4,6
Region Norge;GR0;06.1934;7,66;8,66
Region Norge;GR0;07.1934;12,49;13,48
Region Norge;GR0;08.1934;11,81;11,88
Region Norge;GR0;09.1934;9,03;8,97
Region Norge;GR0;10.1934;2,5;2,16
Region Norge;GR0;11.1934;-2,2;-2,79
Region Norge;GR0;12.1934;-2,17;-3,09
Region Norge;GR0;01.1935;-5,59;-6,77
Region Norge;GR0;02.1935;-5,69;-6,54
Region Norge;GR0;03.1935;-4,86;-5,6
Region Norge;GR0;04.1935;-0,94;-1,3
Region Norge;GR0;05.1935;1,94;2,3
Region Norge;GR0;06.1935;7,6;8,6
Region Norge;GR0;07.1935;10,33;11,32
Region Norge;GR0;08.1935;10,8;10,87
Region Norge;GR0;09.1935;5,42;5,36
Region Norge;GR0;10.1935;1,47;1,14
Region Norge;GR0;11.1935;-0,1;-0,69
Region Norge;GR0;12.1935;-4,21;-5,13
Region Norge;GR0;01.1936;-6,8;-7,97
Region Norge;GR0;02.1936;-8,93;-9,79
Region Norge;GR0;03.1936;-4,77;-5,5
Region Norge;GR0;04.1936;-1,37;-1,73
Region Norge;GR0;05.1936;5,14;5,49
Region Norge;GR0;06.1936;10,02;11,03
Region Norge;GR0;07.1936;11,51;12,49
Region Norge;GR0;08.1936;10,94;11,02
Region Norge;GR0;09.1936;5,8;5,73
Region Norge;GR0;10.1936;0,47;0,13
Region Norge;GR0;11.1936;-1,23;-1,82
Region Norge;GR0;12.1936;-1,31;-2,22
Region Norge;GR0;01.1937;-4,51;-5,69
Region Norge;GR0;02.1937;-9,3;-10,17
Region Norge;GR0;03.1937;-6,44;-7,18
Region Norge;GR0;04.1937;1,87;1,51
Region Norge;GR0;05.1937;5,93;6,29
Region Norge;GR0;06.1937;8,26;9,26
Region Norge;GR0;07.1937;13,51;14,5
Region Norge;GR0;08.1937;13,28;13,37
Region Norge;GR0;09.1937;6,55;6,49
Region Norge;GR0;10.1937;4,28;3,95
Region Norge;GR0;11.1937;-3,02;-3,61
Region Norge;GR0;12.1937;-7,86;-8,79
Region Norge;GR0;01.1938;-4,76;-5,94
Region Norge;GR0;02.1938;-2,99;-3,83
Region Norge;GR0;03.1938;-1,48;-2,19
Region Norge;GR0;04.1938;-0,43;-0,78
Region Norge;GR0;05.1938;3,1;3,45
Region Norge;GR0;06.1938;7,13;8,13
Region Norge;GR0;07.1938;11,86;12,84
Region Norge;GR0;08.1938;11,38;11,46
Region Norge;GR0;09.1938;7,82;7,75
Region Norge;GR0;10.1938;3,81;3,47
Region Norge;GR0;11.1938;0,38;-0,21
Region Norge;GR0;12.1938;-3,4;-4,33
Region Norge;GR0;01.1939;-7,13;-8,31
Region Norge;GR0;02.1939;-3,25;-4,09
Region Norge;GR0;03.1939;-4,14;-4,88
Region Norge;GR0;04.1939;-1,37;-1,73
Region Norge;GR0;05.1939;3,3;3,64
Region Norge;GR0;06.1939;7,37;8,37
Region Norge;GR0;07.1939;10,85;11,83
Region Norge;GR0;08.1939;12,35;12,43
Region Norge;GR0;09.1939;6,55;6,49
Region Norge;GR0;10.1939;-0,03;-0,37
Region Norge;GR0;11.1939;-1,5;-2,09
Region Norge;GR0;12.1939;-7,53;-8,47
Region Norge;GR0;01.1940;-9,94;-11,15
Region Norge;GR0;02.1940;-11,55;-12,43
Region Norge;GR0;03.1940;-7,65;-8,39
Region Norge;GR0;04.1940;-2,07;-2,43
Region Norge;GR0;05.1940;5,91;6,26
Region Norge;GR0;06.1940;8,97;9,97
Region Norge;GR0;07.1940;9,77;10,76
Region Norge;GR0;08.1940;9;9,08
Region Norge;GR0;09.1940;5,34;5,28
Region Norge;GR0;10.1940;1,75;1,4
Region Norge;GR0;11.1940;-2,88;-3,47
Region Norge;GR0;12.1940;-5,9;-6,84
Region Norge;GR0;01.1941;-12,19;-13,4
Region Norge;GR0;02.1941;-10,08;-10,95
Region Norge;GR0;03.1941;-6,44;-7,17
Region Norge;GR0;04.1941;-2,58;-2,94
Region Norge;GR0;05.1941;2,45;2,8
Region Norge;GR0;06.1941;7,67;8,68
Region Norge;GR0;07.1941;13,45;14,45
Region Norge;GR0;08.1941;9,79;9,86
Region Norge;GR0;09.1941;6,1;6,04
Region Norge;GR0;10.1941;-0,12;-0,46
Region Norge;GR0;11.1941;-2,56;-3,16
Region Norge;GR0;12.1941;-6,63;-7,56
Region Norge;GR0;01.1942;-13,13;-14,34
Region Norge;GR0;02.1942;-10,35;-11,23
Region Norge;GR0;03.1942;-8,67;-9,41
Region Norge;GR0;04.1942;-0,47;-0,82
Region Norge;GR0;05.1942;2,63;2,98
Region Norge;GR0;06.1942;6,61;7,61
Region Norge;GR0;07.1942;9,86;10,85
Region Norge;GR0;08.1942;10,19;10,27
Region Norge;GR0;09.1942;5,95;5,89
Region Norge;GR0;10.1942;1,24;0,91
Region Norge;GR0;11.1942;-1,74;-2,33
Region Norge;GR0;12.1942;-4,59;-5,51
Region Norge;GR0;01.1943;-8,65;-9,84
Region Norge;GR0;02.1943;-3,26;-4,09
Region Norge;GR0;03.1943;-1,69;-2,41
Region Norge;GR0;04.1943;-0,22;-0,57
Region Norge;GR0;05.1943;3,8;4,15
Region Norge;GR0;06.1943;8,26;9,26
Region Norge;GR0;07.1943;10,93;11,92
Region Norge;GR0;08.1943;9,15;9,23
Region Norge;GR0;09.1943;6,42;6,36
Region Norge;GR0;10.1943;3,17;2,84
Region Norge;GR0;11.1943;-2,32;-2,91
Region Norge;GR0;12.1943;-3,53;-4,46
Region Norge;GR0;01.1944;-4,97;-6,15
Region Norge;GR0;02.1944;-4,97;-5,82
Region Norge;GR0;03.1944;-4,79;-5,52
Region Norge;GR0;04.1944;-2,11;-2,47
Region Norge;GR0;05.1944;1,99;2,33
Region Norge;GR0;06.1944;6,66;7,65
Region Norge;GR0;07.1944;11,1;12,1
Region Norge;GR0;08.1944;10,64;10,73
Region Norge;GR0;09.1944;6,41;6,35
Region Norge;GR0;10.1944;3,33;3
Region Norge;GR0;11.1944;-2,82;-3,41
Region Norge;GR0;12.1944;-2,67;-3,59
Region Norge;GR0;01.1945;-9,25;-10,44
Region Norge;GR0;02.1945;-5,01;-5,86
Region Norge;GR0;03.1945;-2,37;-3,09
Region Norge;GR0;04.1945;0,68;0,33
Region Norge;GR0;05.1945;3,51;3,86
Region Norge;GR0;06.1945;7,49;8,49
Region Norge;GR0;07.1945;12,1;13,09
Region Norge;GR0;08.1945;12,13;12,22
Region Norge;GR0;09.1945;6,21;6,15
Region Norge;GR0;10.1945;1,2;0,87
Region Norge;GR0;11.1945;-2,64;-3,23
Region Norge;GR0;12.1945;-5,64;-6,56
Region Norge;GR0;01.1946;-5,51;-6,7
Region Norge;GR0;02.1946;-8,97;-9,83
Region Norge;GR0;03.1946;-5,2;-5,94
Region Norge;GR0;04.1946;0,45;0,1
Region Norge;GR0;05.1946;4,24;4,59
Region Norge;GR0;06.1946;7,72;8,72
Region Norge;GR0;07.1946;11,47;12,45
Region Norge;GR0;08.1946;10,62;10,68
Region Norge;GR0;09.1946;7,56;7,49
Region Norge;GR0;10.1946;1,2;0,86
Region Norge;GR0;11.1946;-2,05;-2,63
Region Norge;GR0;12.1946;-2,47;-3,39
Region Norge;GR0;01.1947;-5,9;-7,08
Region Norge;GR0;02.1947;-14,28;-15,18
Region Norge;GR0;03.1947;-8,82;-9,56
Region Norge;GR0;04.1947;-1,08;-1,44
Region Norge;GR0;05.1947;5,33;5,69
Region Norge;GR0;06.1947;9,44;10,45
Region Norge;GR0;07.1947;11,79;12,78
Region Norge;GR0;08.1947;12,47;12,56
Region Norge;GR0;09.1947;7,61;7,56
Region Norge;GR0;10.1947;1,45;1,12
Region Norge;GR0;11.1947;-4,79;-5,39
Region Norge;GR0;12.1947;-6,24;-7,17
Region Norge;GR0;01.1948;-10,17;-11,37
Region Norge;GR0;02.1948;-5,95;-6,81
Region Norge;GR0;03.1948;-2,02;-2,74
Region Norge;GR0;04.1948;1,29;0,94
Region Norge;GR0;05.1948;4,59;4,94
Region Norge;GR0;06.1948;7,22;8,23
Region Norge;GR0;07.1948;11,77;12,76
Region Norge;GR0;08.1948;9,17;9,25
Region Norge;GR0;09.1948;6,41;6,36
Region Norge;GR0;10.1948;0,53;0,2
Region Norge;GR0;11.1948;-1,86;-2,45
Region Norge;GR0;12.1948;-1,42;-2,33
Region Norge;GR0;01.1949;-3,71;-4,87
Region Norge;GR0;02.1949;-3,06;-3,91
Region Norge;GR0;03.1949;-4,96;-5,69
Region Norge;GR0;04.1949;0,02;-0,33
Region Norge;GR0;05.1949;4,1;4,46
Region Norge;GR0;06.1949;7,42;8,42
Region Norge;GR0;07.1949;9,94;10,94
Region Norge;GR0;08.1949;9,17;9,25
Region Norge;GR0;09.1949;8,98;8,93
Region Norge;GR0;10.1949;2,03;1,69
Region Norge;GR0;11.1949;-0,44;-1,02
Region Norge;GR0;12.1949;-4,62;-5,55
Region Norge;GR0;01.1950;-7,18;-8,37
Region Norge;GR0;02.1950;-6,18;-7,03
Region Norge;GR0;03.1950;-3;-3,73
Region Norge;GR0;04.1950;0,68;0,33
Region Norge;GR0;05.1950;3,87;4,23
Region Norge;GR0;06.1950;8,04;9,04
Region Norge;GR0;07.1950;10,37;11,35
Region Norge;GR0;08.1950;12,16;12,23
Region Norge;GR0;09.1950;6,64;6,58
Region Norge;GR0;10.1950;2,88;2,54
Region Norge;GR0;11.1950;-3,3;-3,9
Region Norge;GR0;12.1950;-6,7;-7,63
Region Norge;GR0;01.1951;-8,68;-9,88
Region Norge;GR0;02.1951;-5,93;-6,79
Region Norge;GR0;03.1951;-7,05;-7,79
Region Norge;GR0;04.1951;-1,22;-1,58
Region Norge;GR0;05.1951;2,42;2,77
Region Norge;GR0;06.1951;6,33;7,34
Region Norge;GR0;07.1951;8,6;9,59
Region Norge;GR0;08.1951;11,58;11,66
Region Norge;GR0;09.1951;7,27;7,22
Region Norge;GR0;10.1951;3,81;3,47
Region Norge;GR0;11.1951;-2,54;-3,12
Region Norge;GR0;12.1951;-2,82;-3,73
Region Norge;GR0;01.1952;-7,49;-8,68
Region Norge;GR0;02.1952;-6,09;-6,94
Region Norge;GR0;03.1952;-6,23;-6,97
Region Norge;GR0;04.1952;1,02;0,67
Region Norge;GR0;05.1952;3,91;4,26
Region Norge;GR0;06.1952;6,92;7,91
Region Norge;GR0;07.1952;9,63;10,62
Region Norge;GR0;08.1952;8,61;8,69
Region Norge;GR0;09.1952;4,13;4,06
Region Norge;GR0;10.1952;-0,04;-0,38
Region Norge;GR0;11.1952;-5,01;-5,61
Region Norge;GR0;12.1952;-7,05;-7,98
Region Norge;GR0;01.1953;-6,11;-7,29
Region Norge;GR0;02.1953;-8,71;-9,57
Region Norge;GR0;03.1953;-1,6;-2,31
Region Norge;GR0;04.1953;-0,23;-0,57
Region Norge;GR0;05.1953;3,78;4,14
Region Norge;GR0;06.1953;11,83;12,84
Region Norge;GR0;07.1953;10,74;11,72
Region Norge;GR0;08.1953;10,55;10,62
Region Norge;GR0;09.1953;6,02;5,96
Region Norge;GR0;10.1953;4,27;3,94
Region Norge;GR0;11.1953;0,37;-0,21
Region Norge;GR0;12.1953;-1,9;-2,82
Region Norge;GR0;01.1954;-7,32;-8,51
Region Norge;GR0;02.1954;-9,47;-10,35
Region Norge;GR0;03.1954;-3,92;-4,65
Region Norge;GR0;04.1954;-1;-1,36
Region Norge;GR0;05.1954;6,01;6,37
Region Norge;GR0;06.1954;7,36;8,36
Region Norge;GR0;07.1954;11;11,98
Region Norge;GR0;08.1954;10,17;10,24
Region Norge;GR0;09.1954;5,88;5,82
Region Norge;GR0;10.1954;0,88;0,55
Region Norge;GR0;11.1954;-2,55;-3,14
Region Norge;GR0;12.1954;-2,55;-3,46
Region Norge;GR0;01.1955;-6,97;-8,15
Region Norge;GR0;02.1955;-10,25;-11,12
Region Norge;GR0;03.1955;-6,41;-7,14
Region Norge;GR0;04.1955;-2,35;-2,71
Region Norge;GR0;05.1955;1,44;1,78
Region Norge;GR0;06.1955;5,88;6,88
Region Norge;GR0;07.1955;11,75;12,76
Region Norge;GR0;08.1955;11,96;12,06
Region Norge;GR0;09.1955;7,38;7,32
Region Norge;GR0;10.1955;0,53;0,2
Region Norge;GR0;11.1955;-2,75;-3,34
Region Norge;GR0;12.1955;-9,32;-10,25
Region Norge;GR0;01.1956;-8,43;-9,62
Region Norge;GR0;02.1956;-10,18;-11,05
Region Norge;GR0;03.1956;-4,26;-5
Region Norge;GR0;04.1956;-2,47;-2,82
Region Norge;GR0;05.1956;4,14;4,5
Region Norge;GR0;06.1956;7,14;8,14
Region Norge;GR0;07.1956;10,49;11,48
Region Norge;GR0;08.1956;8,51;8,58
Region Norge;GR0;09.1956;6,09;6,03
Region Norge;GR0;10.1956;1,06;0,72
Region Norge;GR0;11.1956;-4,33;-4,94
Region Norge;GR0;12.1956;-4,28;-5,21
Region Norge;GR0;01.1957;-3,94;-5,11
Region Norge;GR0;02.1957;-6,89;-7,75
Region Norge;GR0;03.1957;-4,58;-5,31
Region Norge;GR0;04.1957;-0,22;-0,57
Region Norge;GR0;05.1957;2,79;3,14
Region Norge;GR0;06.1957;6,14;7,14
Region Norge;GR0;07.1957;11,36;12,36
Region Norge;GR0;08.1957;9,97;10,05
Region Norge;GR0;09.1957;5,4;5,34
Region Norge;GR0;10.1957;1,95;1,61
Region Norge;GR0;11.1957;-1,65;-2,24
Region Norge;GR0;12.1957;-5,15;-6,07
Region Norge;GR0;01.1958;-8,37;-9,56
Region Norge;GR0;02.1958;-10,69;-11,57
Region Norge;GR0;03.1958;-8,77;-9,52
Region Norge;GR0;04.1958;-1,67;-2,03
Region Norge;GR0;05.1958;2,15;2,49
Region Norge;GR0;06.1958;7,58;8,59
Region Norge;GR0;07.1958;9,7;10,69
Region Norge;GR0;08.1958;10,6;10,68
Region Norge;GR0;09.1958;7,63;7,58
Region Norge;GR0;10.1958;3,66;3,32
Region Norge;GR0;11.1958;0,24;-0,35
Region Norge;GR0;12.1958;-7,42;-8,36
Region Norge;GR0;01.1959;-9,05;-10,24
Region Norge;GR0;02.1959;-3,55;-4,41
Region Norge;GR0;03.1959;-1,17;-1,9
Region Norge;GR0;04.1959;0,1;-0,25
Region Norge;GR0;05.1959;4,48;4,84
Region Norge;GR0;06.1959;8,14;9,14
Region Norge;GR0;07.1959;11,07;12,06
Region Norge;GR0;08.1959;11,21;11,29
Region Norge;GR0;09.1959;6,27;6,22
Region Norge;GR0;10.1959;2,54;2,2
Region Norge;GR0;11.1959;-0,3;-0,89
Region Norge;GR0;12.1959;-3,92;-4,84
Region Norge;GR0;01.1960;-8,47;-9,66
Region Norge;GR0;02.1960;-9,43;-10,3
Region Norge;GR0;03.1960;-2,65;-3,39
Region Norge;GR0;04.1960;0,5;0,14
Region Norge;GR0;05.1960;5,64;5,99
Region Norge;GR0;06.1960;8,77;9,78
Region Norge;GR0;07.1960;11,39;12,36
Region Norge;GR0;08.1960;11,08;11,15
Region Norge;GR0;09.1960;7,08;7,01
Region Norge;GR0;10.1960;-0,63;-0,97
Region Norge;GR0;11.1960;-3,15;-3,74
Region Norge;GR0;12.1960;-5,66;-6,59
Region Norge;GR0;01.1961;-7,2;-8,39
Region Norge;GR0;02.1961;-4,24;-5,09
Region Norge;GR0;03.1961;-2,13;-2,84
Region Norge;GR0;04.1961;-1,21;-1,56
Region Norge;GR0;05.1961;3,73;4,08
Region Norge;GR0;06.1961;8,5;9,51
Region Norge;GR0;07.1961;10,48;11,46
Region Norge;GR0;08.1961;9,69;9,76
Region Norge;GR0;09.1961;7,55;7,5
Region Norge;GR0;10.1961;5,6;5,27
Region Norge;GR0;11.1961;-0,67;-1,26
Region Norge;GR0;12.1961;-7,73;-8,67
Region Norge;GR0;01.1962;-6,01;-7,18
Region Norge;GR0;02.1962;-5,57;-6,42
Region Norge;GR0;03.1962;-9,34;-10,09
Region Norge;GR0;04.1962;-0,62;-0,98
Region Norge;GR0;05.1962;2,51;2,85
Region Norge;GR0;06.1962;5,98;6,98
Region Norge;GR0;07.1962;8,79;9,78
Region Norge;GR0;08.1962;8,65;8,72
Region Norge;GR0;09.1962;5,75;5,69
Region Norge;GR0;10.1962;2,73;2,4
Region Norge;GR0;11.1962;-2,79;-3,38
Region Norge;GR0;12.1962;-7,6;-8,54
Region Norge;GR0;01.1963;-9,26;-10,45
Region Norge;GR0;02.1963;-11;-11,88
Region Norge;GR0;03.1963;-6,53;-7,27
Region Norge;GR0;04.1963;-0,07;-0,42
Region Norge;GR0;05.1963;5,99;6,34
Region Norge;GR0;06.1963;8,79;9,8
Region Norge;GR0;07.1963;9,41;10,4
Region Norge;GR0;08.1963;11,05;11,12
Region Norge;GR0;09.1963;7,05;6,99
Region Norge;GR0;10.1963;2,78;2,45
Region Norge;GR0;11.1963;-3,1;-3,69
Region Norge;GR0;12.1963;-5,38;-6,31
Region Norge;GR0;01.1964;-3,3;-4,47
Region Norge;GR0;02.1964;-6,47;-7,33
Region Norge;GR0;03.1964;-4,18;-4,92
Region Norge;GR0;04.1964;-0,02;-0,37
Region Norge;GR0;05.1964;4,64;4,99
Region Norge;GR0;06.1964;6,52;7,52
Region Norge;GR0;07.1964;9,25;10,23
Region Norge;GR0;08.1964;9,34;9,41
Region Norge;GR0;09.1964;5,26;5,2
Region Norge;GR0;10.1964;2,73;2,39
Region Norge;GR0;11.1964;-2,41;-3
Region Norge;GR0;12.1964;-5,03;-5,96
Region Norge;GR0;01.1965;-6,86;-8,03
Region Norge;GR0;02.1965;-5,57;-6,41
Region Norge;GR0;03.1965;-5,92;-6,65
Region Norge;GR0;04.1965;0,1;-0,25
Region Norge;GR0;05.1965;2,26;2,61
Region Norge;GR0;06.1965;7,54;8,54
Region Norge;GR0;07.1965;8,27;9,26
Region Norge;GR0;08.1965;9,07;9,15
Region Norge;GR0;09.1965;7,57;7,51
Region Norge;GR0;10.1965;2,73;2,4
Region Norge;GR0;11.1965;-6,06;-6,67
Region Norge;GR0;12.1965;-10,24;-11,19
Region Norge;GR0;01.1966;-11,07;-12,27
Region Norge;GR0;02.1966;-13,32;-14,2
Region Norge;GR0;03.1966;-5,89;-6,61
Region Norge;GR0;04.1966;-3,57;-3,94
Region Norge;GR0;05.1966;2,76;3,12
Region Norge;GR0;06.1966;9,81;10,82
Region Norge;GR0;07.1966;10,27;11,25
Region Norge;GR0;08.1966;9,4;9,47
Region Norge;GR0;09.1966;4,74;4,69
Region Norge;GR0;10.1966;0,87;0,53
Region Norge;GR0;11.1966;-2,23;-2,82
Region Norge;GR0;12.1966;-5,31;-6,23
Region Norge;GR0;01.1967;-9,73;-10,93
Region Norge;GR0;02.1967;-5,11;-5,96
Region Norge;GR0;03.1967;-1,97;-2,69
Region Norge;GR0;04.1967;-0,97;-1,32
Region Norge;GR0;05.1967;3,4;3,73
Region Norge;GR0;06.1967;7,12;8,12
Region Norge;GR0;07.1967;9,62;10,6
Region Norge;GR0;08.1967;10,49;10,57
Region Norge;GR0;09.1967;7,73;7,67
Region Norge;GR0;10.1967;1,76;1,43
Region Norge;GR0;11.1967;0,52;-0,06
Region Norge;GR0;12.1967;-7,96;-8,9
Region Norge;GR0;01.1968;-9,65;-10,84
Region Norge;GR0;02.1968;-8,24;-9,1
Region Norge;GR0;03.1968;-4,28;-5
Region Norge;GR0;04.1968;-0,54;-0,89
Region Norge;GR0;05.1968;1,94;2,29
Region Norge;GR0;06.1968;8,18;9,19
Region Norge;GR0;07.1968;9,19;10,18
Region Norge;GR0;08.1968;10,09;10,18
Region Norge;GR0;09.1968;6,6;6,55
Region Norge;GR0;10.1968;-0,66;-0,99
Region Norge;GR0;11.1968;-4,91;-5,51
Region Norge;GR0;12.1968;-5;-5,93
Region Norge;GR0;01.1969;-6,38;-7,56
Region Norge;GR0;02.1969;-11,06;-11,94
Region Norge;GR0;03.1969;-7,19;-7,94
Region Norge;GR0;04.1969;-0,65;-1
Region Norge;GR0;05.1969;3,58;3,93
Region Norge;GR0;06.1969;9,6;10,61
Region Norge;GR0;07.1969;10,47;11,45
Region Norge;GR0;08.1969;13,02;13,1
Region Norge;GR0;09.1969;6,22;6,16
Region Norge;GR0;10.1969;3,02;2,69
Region Norge;GR0;11.1969;-5,41;-6,02
Region Norge;GR0;12.1969;-7,18;-8,12
Region Norge;GR0;01.1970;-9,27;-10,47
Region Norge;GR0;02.1970;-12,8;-13,68
Region Norge;GR0;03.1970;-5,12;-5,85
Region Norge;GR0;04.1970;-2,91;-3,28
Region Norge;GR0;05.1970;4,63;4,98
Region Norge;GR0;06.1970;10,64;11,65
Region Norge;GR0;07.1970;9,74;10,72
Region Norge;GR0;08.1970;11,1;11,18
Region Norge;GR0;09.1970;5,81;5,75
Region Norge;GR0;10.1970;2,2;1,86
Region Norge;GR0;11.1970;-4,65;-5,25
Region Norge;GR0;12.1970;-3,98;-4,9
Region Norge;GR0;01.1971;-5,29;-6,46
Region Norge;GR0;02.1971;-5,56;-6,4
Region Norge;GR0;03.1971;-6,82;-7,55
Region Norge;GR0;04.1971;-1,23;-1,58
Region Norge;GR0;05.1971;4,16;4,51
Region Norge;GR0;06.1971;7,4;8,4
Region Norge;GR0;07.1971;9,77;10,76
Region Norge;GR0;08.1971;10,02;10,09
Region Norge;GR0;09.1971;5,9;5,84
Region Norge;GR0;10.1971;1,56;1,23
Region Norge;GR0;11.1971;-5,15;-5,74
Region Norge;GR0;12.1971;-2,18;-3,09
Region Norge;GR0;01.1972;-7,34;-8,54
Region Norge;GR0;02.1972;-6,24;-7,1
Region Norge;GR0;03.1972;-3,22;-3,94
Region Norge;GR0;04.1972;-0,45;-0,81
Region Norge;GR0;05.1972;4,59;4,94
Region Norge;GR0;06.1972;9,28;10,27
Region Norge;GR0;07.1972;12,38;13,37
Region Norge;GR0;08.1972;10,16;10,23
Region Norge;GR0;09.1972;5,19;5,13
Region Norge;GR0;10.1972;2,15;1,82
Region Norge;GR0;11.1972;-2,93;-3,52
Region Norge;GR0;12.1972;-0,8;-1,71
Region Norge;GR0;01.1973;-2,17;-3,33
Region Norge;GR0;02.1973;-5,75;-6,59
Region Norge;GR0;03.1973;-1,59;-2,31
Region Norge;GR0;04.1973;-1,66;-2,02
Region Norge;GR0;05.1973;3,64;3,99
Region Norge;GR0;06.1973;8,36;9,36
Region Norge;GR0;07.1973;12,34;13,33
Region Norge;GR0;08.1973;9,1;9,18
Region Norge;GR0;09.1973;4,91;4,85
Region Norge;GR0;10.1973;-0,91;-1,25
Region Norge;GR0;11.1973;-5,43;-6,03
Region Norge;GR0;12.1973;-6,73;-7,65
Region Norge;GR0;01.1974;-2,6;-3,76
Region Norge;GR0;02.1974;-3,82;-4,66
Region Norge;GR0;03.1974;-2,83;-3,57
Region Norge;GR0;04.1974;0,97;0,62
Region Norge;GR0;05.1974;4,58;4,92
Region Norge;GR0;06.1974;8,67;9,66
Region Norge;GR0;07.1974;9,69;10,67
Region Norge;GR0;08.1974;10,07;10,15
Region Norge;GR0;09.1974;7,18;7,11
Region Norge;GR0;10.1974;0,77;0,44
Region Norge;GR0;11.1974;-3,03;-3,62
Region Norge;GR0;12.1974;-3,35;-4,27
Region Norge;GR0;01.1975;-3,91;-5,08
Region Norge;GR0;02.1975;-4,47;-5,32
Region Norge;GR0;03.1975;-3,11;-3,84
Region Norge;GR0;04.1975;-1,47;-1,83
Region Norge;GR0;05.1975;3,88;4,23
Region Norge;GR0;06.1975;6,37;7,38
Region Norge;GR0;07.1975;10,19;11,19
Region Norge;GR0;08.1975;11,07;11,16
Region Norge;GR0;09.1975;6,58;6,53
Region Norge;GR0;10.1975;2,35;2,01
Region Norge;GR0;11.1975;-0,88;-1,46
Region Norge;GR0;12.1975;-3,52;-4,42
Region Norge;GR0;01.1976;-9,05;-10,24
Region Norge;GR0;02.1976;-5,26;-6,12
Region Norge;GR0;03.1976;-6,07;-6,81
Region Norge;GR0;04.1976;-1,07;-1,42
Region Norge;GR0;05.1976;5,19;5,53
Region Norge;GR0;06.1976;7,63;8,63
Region Norge;GR0;07.1976;10,63;11,62
Region Norge;GR0;08.1976;10,9;10,98
Region Norge;GR0;09.1976;3,83;3,77
Region Norge;GR0;10.1976;1,01;0,67
Region Norge;GR0;11.1976;-2,73;-3,32
Region Norge;GR0;12.1976;-7,83;-8,77
Region Norge;GR0;01.1977;-8,56;-9,75
Region Norge;GR0;02.1977;-9,54;-10,42
Region Norge;GR0;03.1977;-3,48;-4,2
Region Norge;GR0;04.1977;-2,92;-3,27
Region Norge;GR0;05.1977;3,23;3,58
Region Norge;GR0;06.1977;6,98;7,98
Region Norge;GR0;07.1977;10,09;11,08
Region Norge;GR0;08.1977;10,16;10,24
Region Norge;GR0;09.1977;4,91;4,85
Region Norge;GR0;10.1977;2,72;2,38
Region Norge;GR0;11.1977;-2,09;-2,68
Region Norge;GR0;12.1977;-3,83;-4,75
Region Norge;GR0;01.1978;-6,76;-7,93
Region Norge;GR0;02.1978;-10,11;-10,97
Region Norge;GR0;03.1978;-5,07;-5,8
Region Norge;GR0;04.1978;-1,85;-2,21
Region Norge;GR0;05.1978;4,36;4,71
Region Norge;GR0;06.1978;8,88;9,89
Region Norge;GR0;07.1978;10,14;11,12
Region Norge;GR0;08.1978;9,95;10,03
Region Norge;GR0;09.1978;4,87;4,81
Region Norge;GR0;10.1978;1,73;1,4
Region Norge;GR0;11.1978;-1,74;-2,33
Region Norge;GR0;12.1978;-11,17;-12,13
Region Norge;GR0;01.1979;-11,4;-12,6
Region Norge;GR0;02.1979;-8,76;-9,63
Region Norge;GR0;03.1979;-4,36;-5,08
Region Norge;GR0;04.1979;-0,9;-1,26
Region Norge;GR0;05.1979;2,65;3
Region Norge;GR0;06.1979;8,69;9,7
Region Norge;GR0;07.1979;9,97;10,95
Region Norge;GR0;08.1979;9,8;9,87
Region Norge;GR0;09.1979;5,61;5,56
Region Norge;GR0;10.1979;0,59;0,25
Region Norge;GR0;11.1979;-3,37;-3,96
Region Norge;GR0;12.1979;-6,22;-7,16
Region Norge;GR0;01.1980;-9,4;-10,6
Region Norge;GR0;02.1980;-9,16;-10,04
Region Norge;GR0;03.1980;-6,09;-6,83
Region Norge;GR0;04.1980;0,45;0,1
Region Norge;GR0;05.1980;4,48;4,83
Region Norge;GR0;06.1980;9,92;10,92
Region Norge;GR0;07.1980;11,41;12,4
Region Norge;GR0;08.1980;10,69;10,76
Region Norge;GR0;09.1980;7,1;7,04
Region Norge;GR0;10.1980;-0,24;-0,58
Region Norge;GR0;11.1980;-6,17;-6,78
Region Norge;GR0;12.1980;-6,49;-7,42
Region Norge;GR0;01.1981;-7,73;-8,91
Region Norge;GR0;02.1981;-7,83;-8,69
Region Norge;GR0;03.1981;-7,21;-7,94
Region Norge;GR0;04.1981;-1,23;-1,58
Region Norge;GR0;05.1981;5,23;5,58
Region Norge;GR0;06.1981;5,85;6,85
Region Norge;GR0;07.1981;9,84;10,83
Region Norge;GR0;08.1981;9,38;9,46
Region Norge;GR0;09.1981;7,06;7
Region Norge;GR0;10.1981;1,2;0,86
Region Norge;GR0;11.1981;-3,77;-4,37
Region Norge;GR0;12.1981;-12,27;-13,22
Region Norge;GR0;01.1982;-9,44;-10,63
Region Norge;GR0;02.1982;-4,94;-5,8
Region Norge;GR0;03.1982;-2,37;-3,09
Region Norge;GR0;04.1982;-0,37;-0,72
Region Norge;GR0;05.1982;3,49;3,84
Region Norge;GR0;06.1982;6,23;7,24
Region Norge;GR0;07.1982;11,11;12,1
Region Norge;GR0;08.1982;10,47;10,55
Region Norge;GR0;09.1982;5,99;5,94
Region Norge;GR0;10.1982;2,23;1,89
Region Norge;GR0;11.1982;-1,87;-2,46
Region Norge;GR0;12.1982;-4,25;-5,18
Region Norge;GR0;01.1983;-3,75;-4,91
Region Norge;GR0;02.1983;-6,84;-7,7
Region Norge;GR0;03.1983;-3,48;-4,21
Region Norge;GR0;04.1983;0,32;-0,04
Region Norge;GR0;05.1983;4,64;4,98
Region Norge;GR0;06.1983;7,18;8,18
Region Norge;GR0;07.1983;10,69;11,68
Region Norge;GR0;08.1983;9,71;9,8
Region Norge;GR0;09.1983;6,98;6,92
Region Norge;GR0;10.1983;1,86;1,53
Region Norge;GR0;11.1983;-3,78;-4,37
Region Norge;GR0;12.1983;-5,52;-6,44
Region Norge;GR0;01.1984;-8,79;-9,98
Region Norge;GR0;02.1984;-4,5;-5,36
Region Norge;GR0;03.1984;-5,82;-6,56
Region Norge;GR0;04.1984;0,78;0,43
Region Norge;GR0;05.1984;6,17;6,53
Region Norge;GR0;06.1984;7,9;8,9
Region Norge;GR0;07.1984;9,53;10,52
Region Norge;GR0;08.1984;10,32;10,4
Region Norge;GR0;09.1984;5,51;5,45
Region Norge;GR0;10.1984;2,64;2,31
Region Norge;GR0;11.1984;-1,6;-2,2
Region Norge;GR0;12.1984;-2,31;-3,23
Region Norge;GR0;01.1985;-10,41;-11,61
Region Norge;GR0;02.1985;-11,54;-12,42
Region Norge;GR0;03.1985;-4,32;-5,06
Region Norge;GR0;04.1985;-2,37;-2,73
Region Norge;GR0;05.1985;3,89;4,24
Region Norge;GR0;06.1985;7,86;8,86
Region Norge;GR0;07.1985;10,96;11,94
Region Norge;GR0;08.1985;10,4;10,47
Region Norge;GR0;09.1985;4,87;4,81
Region Norge;GR0;10.1985;3,37;3,04
Region Norge;GR0;11.1985;-5,31;-5,91
Region Norge;GR0;12.1985;-9,59;-10,54
Region Norge;GR0;01.1986;-10,99;-12,19
Region Norge;GR0;02.1986;-9,83;-10,71
Region Norge;GR0;03.1986;-2,2;-2,92
Region Norge;GR0;04.1986;-2,34;-2,7
Region Norge;GR0;05.1986;4,95;5,3
Region Norge;GR0;06.1986;9,82;10,83
Region Norge;GR0;07.1986;10,08;11,07
Region Norge;GR0;08.1986;8,8;8,86
Region Norge;GR0;09.1986;3,77;3,71
Region Norge;GR0;10.1986;2,77;2,44
Region Norge;GR0;11.1986;-0,2;-0,78
Region Norge;GR0;12.1986;-7,55;-8,47
Region Norge;GR0;01.1987;-12,13;-13,34
Region Norge;GR0;02.1987;-8;-8,85
Region Norge;GR0;03.1987;-7,29;-8,04
Region Norge;GR0;04.1987;0,09;-0,26
Region Norge;GR0;05.1987;2,99;3,34
Region Norge;GR0;06.1987;6,44;7,44
Region Norge;GR0;07.1987;9,62;10,61
Region Norge;GR0;08.1987;8,33;8,4
Region Norge;GR0;09.1987;5,51;5,45
Region Norge;GR0;10.1987;4,74;4,41
Region Norge;GR0;11.1987;-2,84;-3,43
Region Norge;GR0;12.1987;-5,41;-6,34
Region Norge;GR0;01.1988;-4,19;-5,35
Region Norge;GR0;02.1988;-5,95;-6,8
Region Norge;GR0;03.1988;-6,11;-6,84
Region Norge;GR0;04.1988;-2,6;-2,95
Region Norge;GR0;05.1988;4,91;5,27
Region Norge;GR0;06.1988;9,84;10,86
Region Norge;GR0;07.1988;11,55;12,53
Region Norge;GR0;08.1988;10,34;10,41
Region Norge;GR0;09.1988;7,46;7,4
Region Norge;GR0;10.1988;1,35;1,01
Region Norge;GR0;11.1988;-4,08;-4,68
Region Norge;GR0;12.1988;-5,26;-6,19
Region Norge;GR0;01.1989;-0,99;-2,14
Region Norge;GR0;02.1989;-2,47;-3,3
Region Norge;GR0;03.1989;-1,37;-2,08
Region Norge;GR0;04.1989;0,88;0,51
Region Norge;GR0;05.1989;4,22;4,58
Region Norge;GR0;06.1989;8,52;9,52
Region Norge;GR0;07.1989;9,93;10,92
Region Norge;GR0;08.1989;10,01;10,08
Region Norge;GR0;09.1989;6,66;6,61
Region Norge;GR0;10.1989;1,92;1,59
Region Norge;GR0;11.1989;-0,87;-1,46
Region Norge;GR0;12.1989;-5,81;-6,74
Region Norge;GR0;01.1990;-4,24;-5,41
Region Norge;GR0;02.1990;-0,27;-1,1
Region Norge;GR0;03.1990;-1,34;-2,05
Region Norge;GR0;04.1990;0,87;0,52
Region Norge;GR0;05.1990;4,49;4,85
Region Norge;GR0;06.1990;8,9;9,89
Region Norge;GR0;07.1990;10,45;11,43
Region Norge;GR0;08.1990;11,1;11,17
Region Norge;GR0;09.1990;6,02;5,96
Region Norge;GR0;10.1990;2,77;2,44
Region Norge;GR0;11.1990;-3,03;-3,62
Region Norge;GR0;12.1990;-2,29;-3,2
Region Norge;GR0;01.1991;-4,46;-5,63
Region Norge;GR0;02.1991;-7,66;-8,54
Region Norge;GR0;03.1991;-2,58;-3,3
Region Norge;GR0;04.1991;0,55;0,2
Region Norge;GR0;05.1991;3,15;3,5
Region Norge;GR0;06.1991;6,66;7,64
Region Norge;GR0;07.1991;11,61;12,61
Region Norge;GR0;08.1991;11,21;11,29
Region Norge;GR0;09.1991;5,61;5,56
Region Norge;GR0;10.1991;1,93;1,59
Region Norge;GR0;11.1991;-1,58;-2,17
Region Norge;GR0;12.1991;-2,19;-3,11
Region Norge;GR0;01.1992;-2,03;-3,19
Region Norge;GR0;02.1992;-2,96;-3,8
Region Norge;GR0;03.1992;-1,66;-2,38
Region Norge;GR0;04.1992;-1,51;-1,87
Region Norge;GR0;05.1992;5,92;6,27
Region Norge;GR0;06.1992;10,13;11,14
Region Norge;GR0;07.1992;9,36;10,34
Region Norge;GR0;08.1992;9,23;9,3
Region Norge;GR0;09.1992;7,24;7,17
Region Norge;GR0;10.1992;-2,51;-2,85
Region Norge;GR0;11.1992;-3,75;-4,34
Region Norge;GR0;12.1992;-2,51;-3,43
Region Norge;GR0;01.1993;-3,32;-4,48
Region Norge;GR0;02.1993;-3,59;-4,44
Region Norge;GR0;03.1993;-3,47;-4,2
Region Norge;GR0;04.1993;0,15;-0,2
Region Norge;GR0;05.1993;5,1;5,46
Region Norge;GR0;06.1993;5,9;6,9
Region Norge;GR0;07.1993;10,04;11,02
Region Norge;GR0;08.1993;9,21;9,27
Region Norge;GR0;09.1993;4,47;4,4
Region Norge;GR0;10.1993;0,12;-0,21
Region Norge;GR0;11.1993;-3,44;-4,04
Region Norge;GR0;12.1993;-6,89;-7,81
Region Norge;GR0;01.1994;-8,15;-9,33
Region Norge;GR0;02.1994;-9,83;-10,72
Region Norge;GR0;03.1994;-3,98;-4,71
Region Norge;GR0;04.1994;0,97;0,62
Region Norge;GR0;05.1994;3,42;3,77
Region Norge;GR0;06.1994;6,38;7,38
Region Norge;GR0;07.1994;12,41;13,41
Region Norge;GR0;08.1994;10,86;10,94
Region Norge;GR0;09.1994;5,66;5,6
Region Norge;GR0;10.1994;0,8;0,46
Region Norge;GR0;11.1994;-1,83;-2,42
Region Norge;GR0;12.1994;-2,46;-3,38
Region Norge;GR0;01.1995;-4,74;-5,92
Region Norge;GR0;02.1995;-4,19;-5,03
Region Norge;GR0;03.1995;-2,9;-3,63
Region Norge;GR0;04.1995;-1,45;-1,81
Region Norge;GR0;05.1995;3,06;3,41
Region Norge;GR0;06.1995;8,02;9,02
Region Norge;GR0;07.1995;9,81;10,81
Region Norge;GR0;08.1995;10,5;10,59
Region Norge;GR0;09.1995;6,58;6,52
Region Norge;GR0;10.1995;3,21;2,89
Region Norge;GR0;11.1995;-4,26;-4,86
Region Norge;GR0;12.1995;-8,29;-9,23
Region Norge;GR0;01.1996;-5,72;-6,91
Region Norge;GR0;02.1996;-8,97;-9,84
Region Norge;GR0;03.1996;-4,33;-5,07
Region Norge;GR0;04.1996;-0,43;-0,78
Region Norge;GR0;05.1996;2,14;2,49
Region Norge;GR0;06.1996;7,46;8,46
Region Norge;GR0;07.1996;9,23;10,22
Region Norge;GR0;08.1996;12,72;12,8
Region Norge;GR0;09.1996;5,64;5,57
Region Norge;GR0;10.1996;3,21;2,88
Region Norge;GR0;11.1996;-4,84;-5,44
Region Norge;GR0;12.1996;-7,44;-8,37
Region Norge;GR0;01.1997;-5,29;-6,46
Region Norge;GR0;02.1997;-4,84;-5,68
Region Norge;GR0;03.1997;-3,09;-3,81
Region Norge;GR0;04.1997;-2,17;-2,52
Region Norge;GR0;05.1997;2,82;3,16
Region Norge;GR0;06.1997;8,98;9,98
Region Norge;GR0;07.1997;12,46;13,46
Region Norge;GR0;08.1997;13,49;13,57
Region Norge;GR0;09.1997;7,42;7,36
Region Norge;GR0;10.1997;0,59;0,26
Region Norge;GR0;11.1997;-2,82;-3,42
Region Norge;GR0;12.1997;-4;-4,93
Region Norge;GR0;01.1998;-4,45;-5,61
Region Norge;GR0;02.1998;-4,91;-5,73
Region Norge;GR0;03.1998;-4,8;-5,52
Region Norge;GR0;04.1998;-1,15;-1,5
Region Norge;GR0;05.1998;3,95;4,31
Region Norge;GR0;06.1998;7,33;8,32
Region Norge;GR0;07.1998;10,4;11,38
Region Norge;GR0;08.1998;9,7;9,77
Region Norge;GR0;09.1998;7,5;7,45
Region Norge;GR0;10.1998;1,28;0,94
Region Norge;GR0;11.1998;-5,19;-5,8
Region Norge;GR0;12.1998;-4,25;-5,18
Region Norge;GR0;01.1999;-6,4;-7,58
Region Norge;GR0;02.1999;-6,31;-7,16
Region Norge;GR0;03.1999;-3,33;-4,06
Region Norge;GR0;04.1999;0,91;0,57
Region Norge;GR0;05.1999;3,15;3,49
Region Norge;GR0;06.1999;8,5;9,5
Region Norge;GR0;07.1999;10,69;11,68
Region Norge;GR0;08.1999;9,72;9,8
Region Norge;GR0;09.1999;9,51;9,46
Region Norge;GR0;10.1999;2,62;2,28
Region Norge;GR0;11.1999;0,91;0,33
Region Norge;GR0;12.1999;-7,36;-8,3
Region Norge;GR0;01.2000;-3,35;-4,52
Region Norge;GR0;02.2000;-4,51;-5,35
Region Norge;GR0;03.2000;-3,6;-4,32
Region Norge;GR0;04.2000;0,22;-0,13
Region Norge;GR0;05.2000;5,36;5,72
Region Norge;GR0;06.2000;6,73;7,73
Region Norge;GR0;07.2000;10,48;11,47
Region Norge;GR0;08.2000;9,97;10,05
Region Norge;GR0;09.2000;7,16;7,1
Region Norge;GR0;10.2000;5,33;5
Region Norge;GR0;11.2000;0,96;0,38
Region Norge;GR0;12.2000;-4,18;-5,1
Region Norge;GR0;01.2001;-4,38;-5,56
Region Norge;GR0;02.2001;-9,18;-10,04
Region Norge;GR0;03.2001;-7,26;-8,01
Region Norge;GR0;04.2001;-0,79;-1,14
Region Norge;GR0;05.2001;4,07;4,43
Region Norge;GR0;06.2001;8,11;9,12
Region Norge;GR0;07.2001;10,86;11,85
Region Norge;GR0;08.2001;10,55;10,63
Region Norge;GR0;09.2001;7,48;7,42
Region Norge;GR0;10.2001;3,66;3,33
Region Norge;GR0;11.2001;-1,95;-2,53
Region Norge;GR0;12.2001;-6,09;-7,02
Region Norge;GR0;01.2002;-5,03;-6,21
Region Norge;GR0;02.2002;-4,18;-5,01
Region Norge;GR0;03.2002;-3,3;-4,02
Region Norge;GR0;04.2002;2,24;1,89
Region Norge;GR0;05.2002;6,47;6,82
Region Norge;GR0;06.2002;9,9;10,9
Region Norge;GR0;07.2002;11,6;12,59
Region Norge;GR0;08.2002;13,8;13,88
Region Norge;GR0;09.2002;7,2;7,14
Region Norge;GR0;10.2002;-0,64;-0,99
Region Norge;GR0;11.2002;-5,58;-6,19
Region Norge;GR0;12.2002;-7,94;-8,88
Region Norge;GR0;01.2003;-7,91;-9,09
Region Norge;GR0;02.2003;-4,59;-5,46
Region Norge;GR0;03.2003;-1,58;-2,32
Region Norge;GR0;04.2003;0,71;0,35
Region Norge;GR0;05.2003;4,26;4,6
Region Norge;GR0;06.2003;8,72;9,72
Region Norge;GR0;07.2003;13,35;14,34
Region Norge;GR0;08.2003;11,38;11,45
Region Norge;GR0;09.2003;6,86;6,8
Region Norge;GR0;10.2003;0,17;-0,17
Region Norge;GR0;11.2003;-0,6;-1,2
Region Norge;GR0;12.2003;-3,87;-4,8
Region Norge;GR0;01.2004;-6,98;-8,17
Region Norge;GR0;02.2004;-5,45;-6,31
Region Norge;GR0;03.2004;-2,17;-2,9
Region Norge;GR0;04.2004;2,27;1,91
Region Norge;GR0;05.2004;5,05;5,4
Region Norge;GR0;06.2004;7,41;8,41
Region Norge;GR0;07.2004;11,04;12,02
Region Norge;GR0;08.2004;12,06;12,14
Region Norge;GR0;09.2004;7,28;7,22
Region Norge;GR0;10.2004;2,32;1,98
Region Norge;GR0;11.2004;-2,74;-3,34
Region Norge;GR0;12.2004;-2,29;-3,22
Region Norge;GR0;01.2005;-2,39;-3,57
Region Norge;GR0;02.2005;-4,99;-5,85
Region Norge;GR0;03.2005;-4,78;-5,54
Region Norge;GR0;04.2005;1,33;0,95
Region Norge;GR0;05.2005;3,06;3,4
Region Norge;GR0;06.2005;7,72;8,72
Region Norge;GR0;07.2005;12,2;13,16
Region Norge;GR0;08.2005;10,63;10,69
Region Norge;GR0;09.2005;7,08;7,03
Region Norge;GR0;10.2005;3,86;3,49
Region Norge;GR0;11.2005;0,25;-0,33
Region Norge;GR0;12.2005;-4,96;-5,9
Region Norge;GR0;01.2006;-4,03;-5,3
Region Norge;GR0;02.2006;-5,68;-6,51
Region Norge;GR0;03.2006;-8,06;-8,72
Region Norge;GR0;04.2006;0,23;-0,2
Region Norge;GR0;05.2006;5,02;5,34
Region Norge;GR0;06.2006;8,84;9,83
Region Norge;GR0;07.2006;12,26;13,24
Region Norge;GR0;08.2006;12,91;12,92
Region Norge;GR0;09.2006;9,03;8,97
Region Norge;GR0;10.2006;2,68;2,24
Region Norge;GR0;11.2006;-0,27;-0,8
Region Norge;GR0;12.2006;0,18;-0,78
Region Norge;GR0;01.2007;-4,8;-5,9
Region Norge;GR0;02.2007;-8,18;-9,07
Region Norge;GR0;03.2007;-0,4;-1,1
Region Norge;GR0;04.2007;1,19;0,83
Region Norge;GR0;05.2007;4,04;4,54
Region Norge;GR0;06.2007;9,55;10,6
Region Norge;GR0;07.2007;11,07;12,08
Region Norge;GR0;08.2007;10,81;10,87
Region Norge;GR0;09.2007;5,69;5,67
Region Norge;GR0;10.2007;3,41;3,1
Region Norge;GR0;11.2007;-2,49;-2,99
Region Norge;GR0;12.2007;-3,15;-4,02
Region Norge;GR0;01.2008;-2,78;-3,99
Region Norge;GR0;02.2008;-2,56;-3,43
Region Norge;GR0;03.2008;-4,51;-5,19
Region Norge;GR0;04.2008;0,29;0,01
Region Norge;GR0;05.2008;4,62;5,01
Region Norge;GR0;06.2008;8,06;9,15
Region Norge;GR0;07.2008;11,66;12,7
Region Norge;GR0;08.2008;10,14;10,14
Region Norge;GR0;09.2008;6,64;6,48
Region Norge;GR0;10.2008;2,49;2,16
Region Norge;GR0;11.2008;-2,12;-2,75
Region Norge;GR0;12.2008;-3,92;-4,95
Region Norge;GR0;01.2009;-4,41;-5,66
Region Norge;GR0;02.2009;-7,96;-8,9
Region Norge;GR0;03.2009;-2,78;-3,57
Region Norge;GR0;04.2009;1,99;1,6
Region Norge;GR0;05.2009;5,54;5,85
Region Norge;GR0;06.2009;7,76;8,73
Region Norge;GR0;07.2009;11,3;12,25
Region Norge;GR0;08.2009;11,55;11,59
Region Norge;GR0;09.2009;7,78;7,68
Region Norge;GR0;10.2009;0,21;-0,19
Region Norge;GR0;11.2009;-0,05;-0,71
Region Norge;GR0;12.2009;-6,91;-7,92
Region Norge;GR0;01.2010;-9,94;-11,23
Region Norge;GR0;02.2010;-10,63;-11,58
Region Norge;GR0;03.2010;-4,71;-5,51
Region Norge;GR0;04.2010;0,58;0,17
Region Norge;GR0;05.2010;4,13;4,43
Region Norge;GR0;06.2010;7,28;8,25
Region Norge;GR0;07.2010;11,48;12,44
Region Norge;GR0;08.2010;10,79;10,84
Region Norge;GR0;09.2010;6,73;6,63
Region Norge;GR0;10.2010;2,1;1,7
Region Norge;GR0;11.2010;-6,95;-7,62
Region Norge;GR0;12.2010;-10,59;-11,63
Region Norge;GR0;01.2011;-5,88;-7,13
Region Norge;GR0;02.2011;-8,27;-9,21
Region Norge;GR0;03.2011;-3,19;-3,98
Region Norge;GR0;04.2011;3,13;2,75
Region Norge;GR0;05.2011;4,87;5,17
Region Norge;GR0;06.2011;9,36;10,32
Region Norge;GR0;07.2011;11,45;12,42
Region Norge;GR0;08.2011;11,23;11,27
Region Norge;GR0;09.2011;8,62;8,51
Region Norge;GR0;10.2011;3,9;3,51
Region Norge;GR0;11.2011;1,63;0,98
Region Norge;GR0;12.2011;-2,57;-3,57
Region Norge;GR0;01.2012;-5,63;-6,88
Region Norge;GR0;02.2012;-5,85;-6,78
Region Norge;GR0;03.2012;-0,13;-0,91
Region Norge;GR0;04.2012;-0,95;-1,37
Region Norge;GR0;05.2012;4,22;4,53
Region Norge;GR0;06.2012;6,92;7,86
Region Norge;GR0;07.2012;9,91;10,86
Region Norge;GR0;08.2012;10,4;10,45
Region Norge;GR0;09.2012;6,03;5,92
Region Norge;GR0;10.2012;1,04;0,64
Region Norge;GR0;11.2012;-0,57;-1,23
Region Norge;GR0;12.2012;-8,45;-9,49
Region Norge;GR0;01.2013;-7,13;-8,43
Region Norge;GR0;02.2013;-6,86;-7,83
Region Norge;GR0;03.2013;-7,54;-8,37
Region Norge;GR0;04.2013;-0,9;-1,32
Region Norge;GR0;05.2013;6,78;7,07
Region Norge;GR0;06.2013;9,11;10,05
Region Norge;GR0;07.2013;11,45;12,4
Region Norge;GR0;08.2013;11,27;11,3
Region Norge;GR0;09.2013;8,06;7,94
Region Norge;GR0;10.2013;2,75;2,36
Region Norge;GR0;11.2013;-1,47;-2,14
Region Norge;GR0;12.2013;-1,6;-2,59
Region Norge;GR0;01.2014;-6,35;-7,62
Region Norge;GR0;02.2014;-0,98;-1,91
Region Norge;GR0;03.2014;-0,65;-1,43
Region Norge;GR0;04.2014;1,56;1,16
Region Norge;GR0;05.2014;4,75;5,05
Region Norge;GR0;06.2014;8,41;9,36
Region Norge;GR0;07.2014;14,51;15,46
Region Norge;GR0;08.2014;11,22;11,25
Region Norge;GR0;09.2014;7,76;7,66
Region Norge;GR0;10.2014;3,93;3,54
Region Norge;GR0;11.2014;-0,64;-1,31
Region Norge;GR0;12.2014;-4,29;-5,31
Region Norge;GR0;01.2015;-4,51;-5,77
Region Norge;GR0;02.2015;-2,81;-3,73
Region Norge;GR0;03.2015;-0,71;-1,51
Region Norge;GR0;04.2015;0,99;0,58
Region Norge;GR0;05.2015;3,4;3,67
Region Norge;GR0;06.2015;6,48;7,43
Region Norge;GR0;07.2015;9,55;10,49
Region Norge;GR0;08.2015;11,95;11,98
Region Norge;GR0;09.2015;8,31;8,19
Region Norge;GR0;10.2015;3,23;2,82
Region Norge;GR0;11.2015;-0,22;-0,89
Region Norge;GR0;12.2015;-1,38;-2,39
Region Norge;GR0;01.2016;-8,55;-9,84
Region Norge;GR0;02.2016;-4,59;-5,54
Region Norge;GR0;03.2016;-1,47;-2,27
Region Norge;GR0;04.2016;0,61;0,18
Region Norge;GR0;05.2016;6,2;6,49
Region Norge;GR0;06.2016;8,93;9,9
Region Norge;GR0;07.2016;11,19;12,13
Region Norge;GR0;08.2016;10,26;10,29
Region Norge;GR0;09.2016;9,62;9,51
Region Norge;GR0;10.2016;2,25;1,83
Region Norge;GR0;11.2016;-2,8;-3,49
Region Norge;GR0;12.2016;-1,17;-2,18
Region Norge;GR0;01.2017;-3,28;-4,55
Region Norge;GR0;02.2017;-4,36;-5,3
Region Norge;GR0;03.2017;-2,47;-3,25
Region Norge;GR0;04.2017;-0,6;-1,01
Region Norge;GR0;05.2017;4,18;4,48
Region Norge;GR0;06.2017;8,1;9,05
Region Norge;GR0;07.2017;10,38;11,32
Region Norge;GR0;08.2017;10,17;10,18
Region Norge;GR0;09.2017;8,19;8,07
Region Norge;GR0;10.2017;3,08;2,68
Region Norge;GR0;11.2017;-2,6;-3,28
Region Norge;GR0;12.2017;-4,835;-5,84
Region Norge;GR0;01.2018;-5,57;-6,83
Region Norge;GR0;02.2018;-7,77;-8,71
Region Norge;GR0;03.2018;-7,29;-8,08
Region Norge;GR0;04.2018;0,551;0,15
Region Norge;GR0;05.2018;8,521;8,84
Region Norge;GR0;06.2018;8,701;9,68
Region Norge;GR0;07.2018;14,53;15,51
Region Norge;GR0;08.2018;10,76;10,8
Region Norge;GR0;09.2018;7,51;7,41
Region Norge;GR0;10.2018;2,53;2,14
Region Norge;GR0;11.2018;0,65;-0,01
Region Norge;GR0;12.2018;-3,66;-4,66
Region Norge;GR0;01.2019;-5,98;-7,23
Region Norge;GR0;02.2019;-3,56;-4,47
Region Norge;GR0;03.2019;-3,31;-4,1
Region Norge;GR0;04.2019;2,46;2,05
Region Norge;GR0;05.2019;3,83;4,14
Region Norge;GR0;06.2019;8,66;9,63
Region Norge;GR0;07.2019;11,58;12,54
Region Norge;GR0;08.2019;11,84;11,89
Region Norge;GR0;09.2019;6,71;6,61
Region Norge;GR0;10.2019;0,66;0,27
Region Norge;GR0;11.2019;-3,98;-4,64
Region Norge;GR0;12.2019;-2,41;-3,4
Region Norge;GR0;01.2020;-1,05;-2,27
Region Norge;GR0;02.2020;-2,99;-3,91
Region Norge;GR0;03.2020;-2,12;-2,9
Region Norge;GR0;04.2020;0,41;0,02
Region Norge;GR0;05.2020;2,95;3,25
Region Norge;GR0;06.2020;11,34;12,31
Region Norge;GR0;07.2020;9,59;10,52
Region Norge;GR0;08.2020;11,53;11,58
Region Norge;GR0;09.2020;7,71;7,61
Region Norge;GR0;10.2020;3,57;3,18
Region Norge;GR0;11.2020;1,63;0,98
Region Norge;GR0;12.2020;-1,18;-2,17
Region Norge;GR0;01.2021;-;-9,74
Region Norge;GR0;02.2021;-;-8,53
Region Norge;GR0;03.2021;-;-2,4
Region Norge;GR0;04.2021;-;-0,7
Region Norge;GR0;05.2021;-;4,59
Region Norge;GR0;06.2021;-;11,45
Region Norge;GR0;07.2021;-;13,85
Region Norge;GR0;08.2021;-;10,68
Region Norge;GR0;09.2021;-;7,82
Region Norge;GR0;10.2021;-;3,63
Region Norge;GR0;11.2021;-;-2,56
Region Norge;GR0;12.2021;-;-7,14
Region Norge;GR0;01.2022;-;-4,57
Region Norge;GR0;02.2022;-;-5,34
Region Norge;GR0;03.2022;-;-1,91
Region Norge;GR0;04.2022;-;-0,2
Region Norge;GR0;05.2022;-;5,08
Region Norge;GR0;06.2022;-;10,92
Region Norge;GR0;07.2022;-;11,98
Region Norge;GR0;08.2022;-;11,94
Region Norge;GR0;09.2022;-;7,18
Region Norge;GR0;10.2022;-;3,44
Region Norge;GR0;11.2022;-;-0,19
Region Norge;GR0;12.2022;-;-8,08
Region Norge;GR0;01.2023;-;-5,02
Region Norge;GR0;02.2023;-;-3,73
Region Norge;GR0;03.2023;-;-6,98
Region Norge;GR0;04.2023;-;0,38
Region Norge;GR0;05.2023;-;5,15
Region Norge;GR0;06.2023;-;11,8
Region Norge;GR0;07.2023;-;12,13
Region Norge;GR0;08.2023;-;12,07
Region Norge;GR0;09.2023;-;9,01
Region Norge;GR0;10.2023;-;0,17
Region Norge;GR0;11.2023;-;-5,84
Region Norge;GR0;12.2023;-;-8,42
Region Norge;GR0;01.2024;-;-8,44
Region Norge;GR0;02.2024;-;-5,79
Region Norge;GR0;03.2024;-;-2,2
Region Norge;GR0;04.2024;-;-0,43
Region Norge;GR0;05.2024;-;8,89
Region Norge;GR0;06.2024;-;10,59
Region Norge;GR0;07.2024;-;12,98
Region Norge;GR0;08.2024;-;12,61
Region Norge;GR0;09.2024;-;8,6
Region Norge;GR0;10.2024;-;3,53
Region Norge;GR0;11.2024;-;-1,36
Region Norge;GR0;12.2024;-;-3,49
Region Norge;GR0;01.2025;-;-6,03
Region Norge;GR0;02.2025;-;-4,33
Data er gyldig per 02.04.2025 (CC BY 4.0), Meteorologisk institutt (MET);;;;